"";"Estimate";"Std_Error";"t_value";"P_Value";"significancia";"agg";"Y_var";"table";"heterogenities"
"1";-0,000761355222583311;0,00403190801734402;-0,188832488069717;0,850302452325703;"";"ATT";"math_c";"base_ai";"FALSE"
"2";0,0128124343800672;0,00327677204565588;3,91007802848326;0,000105243909145524;"***";"ATT";"math_c";"base_10p";"FALSE"
"3";0,0114492811395639;0,00303688964419012;3,77006822143424;0,000182984836252794;"***";"ATT";"math_c";"base_50p";"FALSE"
"4";0,00236749878640003;0,00417418899845489;0,567175752529743;0,570852935193851;"";"ATT";"math_c";"base_ic";"FALSE"
"5";0,00886210192193651;0,00404325527844872;2,19182349657048;0,0288630448088172;"*";"ATT";"math_c";"base_ent";"FALSE"
"6";-0,0200171142776551;0,0116617633608353;-1,71647405784962;0,088060224860694;"";"ATT";"math_c";"base_ai";"PRIV"
"7";0,004136839505503;0,00369930469838191;1,11827487671196;0,264258110910004;"";"ATT";"math_c";"base_ai";"PUBL"
"8";0,0140387871329627;0,00984419763714359;1,42609765167578;0,155825529080188;"";"ATT";"math_c";"base_10p";"PRIV"
"9";0,0100819370088978;0,00313443061224622;3,21651306285348;0,0014249341736389;"***";"ATT";"math_c";"base_10p";"PUBL"
"10";0,0176737245499032;0,00726658780177618;2,43219032536608;0,0161320740759876;"*";"ATT";"math_c";"base_50p";"PRIV"
"11";0,00754179377930513;0,00333981381132192;2,25814797032653;0,0245794502696876;"*";"ATT";"math_c";"base_50p";"PUBL"
"12";-0,00507095151406214;0,0120957057379311;-0,419235687766449;0,67561693798768;"";"ATT";"math_c";"base_ic";"PRIV"
"13";0,00220461107139769;0,00373762968159494;0,589842028024813;0,555694180284998;"";"ATT";"math_c";"base_ic";"PUBL"
"14";0,00142301315903484;0,00760933940627597;0,187008764237954;0,851895207095019;"";"ATT";"math_c";"base_ent";"PRIV"
"15";0,0167073145737652;0,00404845610829344;4,12683603992631;0,0000465875134655304;"***";"ATT";"math_c";"base_ent";"PUBL"
"16";-0,000407691100486722;0,00291919748194542;-0,1396586229634;0,888987221616407;"";"ATT";"reading_c";"base_ai";"FALSE"
"17";0,0120082241591056;0,00273337551146913;4,39318494978814;0,0000136946028400607;"***";"ATT";"reading_c";"base_10p";"FALSE"
"18";0,00410170433694757;0,00241115587519891;1,70113611448252;0,0895479894451279;"";"ATT";"reading_c";"base_50p";"FALSE"
"19";0,000499356250640652;0,00322830000523561;0,154680869135707;0,877136216598091;"";"ATT";"reading_c";"base_ic";"FALSE"
"20";0,00606823313060557;0,00261240524775791;2,32285290952222;0,0205964977751276;"*";"ATT";"reading_c";"base_ent";"FALSE"
"21";-0,0154756815944313;0,00742022871139799;-2,08560708791355;0,0386423470987596;".";"ATT";"reading_c";"base_ai";"PRIV"
"22";0,00327863540804443;0,00283456627890743;1,1566621082179;0,248242015276067;"";"ATT";"reading_c";"base_ai";"PUBL"
"23";0,017492907481482;0,00743756554574403;2,35196683295005;0,0199154669461367;"*";"ATT";"reading_c";"base_10p";"PRIV"
"24";0,00788664415693755;0,00276372295509301;2,85363051401515;0,00459279496884226;"**";"ATT";"reading_c";"base_10p";"PUBL"
"25";0,00707452169694641;0,00480054039863198;1,47369277403903;0,142566519934248;"";"ATT";"reading_c";"base_50p";"PRIV"
"26";0,00291368294028572;0,00275156691950111;1,0589177096278;0,290400173688378;"";"ATT";"reading_c";"base_50p";"PUBL"
"27";-0,00534651844166045;0,0082310281575174;-0,649556572926733;0,516927886417367;"";"ATT";"reading_c";"base_ic";"PRIV"
"28";-0,0000286393762114335;0,00309463394280355;-0,00925452791533978;0,992621569113388;"";"ATT";"reading_c";"base_ic";"PUBL"
"29";0,00557248846733545;0,00475600680815586;1,17167377846883;0,24310307691001;"";"ATT";"reading_c";"base_ent";"PRIV"
"30";0,00585177036457936;0,0033731419437963;1,73481296135243;0,0837047989344196;"";"ATT";"reading_c";"base_ent";"PUBL"
"31";-0,00940219605749852;0,0425810616395675;-0,220806990137647;0,825334883420174;"";"ATT";"Participate_saberpro";"base_ai";"FALSE"
"32";-0,0130585042962351;0,0363161803330584;-0,359578132294603;0,719317235952519;"";"ATT";"Participate_saberpro";"base_10p";"FALSE"
"33";-0,0323746083939898;0,0295984986633543;-1,09379224812077;0,274580242166025;"";"ATT";"Participate_saberpro";"base_50p";"FALSE"
"34";-0,0266237428905921;0,0464268767603041;-0,573455393694627;0,566597882230898;"";"ATT";"Participate_saberpro";"base_ic";"FALSE"
"35";-0,0427821071923318;0,0353680484808672;-1,20962589201028;0,227006936169517;"";"ATT";"Participate_saberpro";"base_ent";"FALSE"
"36";0,0205985418739386;0,10142265941971;0,203096053601762;0,839324619033111;"";"ATT";"Participate_saberpro";"base_ai";"PRIV"
"37";-0,0173262627497169;0,0459810719496954;-0,376812936607314;0,706553346668751;"";"ATT";"Participate_saberpro";"base_ai";"PUBL"
"38";-0,0785529421422364;0,069867689628135;-1,12431000023513;0,262597589451022;"";"ATT";"Participate_saberpro";"base_10p";"PRIV"
"39";0,0174377821977487;0,0434118103393519;0,401682907518413;0,688175072318606;"";"ATT";"Participate_saberpro";"base_10p";"PUBL"
"40";-0,0111662301271425;0,0652860345498637;-0,171035508652529;0,864416077299672;"";"ATT";"Participate_saberpro";"base_50p";"PRIV"
"41";-0,0264382794615276;0,033103795489694;-0,79864798191369;0,425060384723665;"";"ATT";"Participate_saberpro";"base_50p";"PUBL"
"42";-0,0455473345104792;0,101689123529742;-0,44790763190281;0,65483730624785;"";"ATT";"Participate_saberpro";"base_ic";"PRIV"
"43";-0,0299079230551469;0,0520077090105413;-0,575067112629109;0,565631926902745;"";"ATT";"Participate_saberpro";"base_ic";"PUBL"
"44";-0,103207571907633;0,0673009876685662;-1,53352239666815;0,127159851220313;"";"ATT";"Participate_saberpro";"base_ent";"PRIV"
"45";0,0209059759040218;0,0299351697943772;0,698375056751762;0,485433021913178;"";"ATT";"Participate_saberpro";"base_ent";"PUBL"
"46";-3,99002150447854;1,19417291608254;-3,34124267159544;0,000897888461290101;"***";"ATT";"estu_trabaja";"base_ai";"FALSE"
"47";-1,12282298532261;0,981130741449772;-1,1444172910773;0,253008197307742;"";"ATT";"estu_trabaja";"base_10p";"FALSE"
"48";0,264273997230245;0,993722163535057;0,265943547329285;0,790393866379654;"";"ATT";"estu_trabaja";"base_50p";"FALSE"
"49";-4,08627145958874;1,18459400276685;-3,44951219577718;0,000609771139960692;"***";"ATT";"estu_trabaja";"base_ic";"FALSE"
"50";-2,1492169802161;1,00876915742794;-2,13053399223264;0,033625942718536;"*";"ATT";"estu_trabaja";"base_ent";"FALSE"
"51";-2,99526204230689;1,94051642617228;-1,5435386178179;0,124726284652143;"";"ATT";"estu_trabaja";"base_ai";"PRIV"
"52";-4,04259719961237;1,35729541203299;-2,9784210303616;0,00311065584062655;"***";"ATT";"estu_trabaja";"base_ai";"PUBL"
"53";0,690791876765045;1,42111259034892;0,486092292374551;0,627579504288335;"";"ATT";"estu_trabaja";"base_10p";"PRIV"
"54";-1,10947830638685;1,17065630272092;-0,947740428858683;0,343948858684533;"";"ATT";"estu_trabaja";"base_10p";"PUBL"
"55";1,5943449522739;1,32561841462432;1,20271786713655;0,230896187276547;"";"ATT";"estu_trabaja";"base_50p";"PRIV"
"56";1,17081262357376;1,21391440065571;0,964493561441674;0,335494248597683;"";"ATT";"estu_trabaja";"base_50p";"PUBL"
"57";-3,25865335203145;2,08443078099672;-1,56333008595913;0,119988414243361;"";"ATT";"estu_trabaja";"base_ic";"PRIV"
"58";-3,73902666832789;1,33561252719366;-2,79948457520401;0,00541511069599859;"**";"ATT";"estu_trabaja";"base_ic";"PUBL"
"59";0,740926828782167;1,14454396516628;0,64735549820013;0,518347320146423;"";"ATT";"estu_trabaja";"base_ent";"PRIV"
"60";-0,153071187423546;1,23077950297689;-0,124369301774454;0,901098371161451;"";"ATT";"estu_trabaja";"base_ent";"PUBL"
"61";-10,1870390057262;3,97949569346306;-2,55988190223701;0,0107702874129108;"*";"ATT";"estudiantes_prom";"base_ai";"FALSE"
"62";-10,2864160871293;3,81209112406479;-2,6983657400511;0,00720808168566939;"**";"ATT";"estudiantes_prom";"base_10p";"FALSE"
"63";0,788376898877637;1,9019105474526;0,414518390433021;0,678674803873784;"";"ATT";"estudiantes_prom";"base_50p";"FALSE"
"64";-11,0573433423663;4,93859728388545;-2,23896436715871;0,0256035552790264;"*";"ATT";"estudiantes_prom";"base_ic";"FALSE"
"65";-2,19374403207538;1,83261744956001;-1,19705508239162;0,231865073476043;"";"ATT";"estudiantes_prom";"base_ent";"FALSE"
"66";-8,09024957593374;5,15835158663066;-1,56837885903356;0,118818915037083;"";"ATT";"estudiantes_prom";"base_ai";"PRIV"
"67";-10,4960508023153;4,95723633708066;-2,11731902386895;0,0349759631140364;"*";"ATT";"estudiantes_prom";"base_ai";"PUBL"
"68";-4,16679606641398;4,61720616690016;-0,902449645043992;0,368200508733051;"";"ATT";"estudiantes_prom";"base_10p";"PRIV"
"69";-14,722561884844;4,87198084434632;-3,02188418945217;0,00270670166838963;"***";"ATT";"estudiantes_prom";"base_10p";"PUBL"
"70";6,18527814877855;2,91450439941695;2,12224011396789;0,0353865651873596;"*";"ATT";"estudiantes_prom";"base_50p";"PRIV"
"71";-1,4255940257572;2,46534752180753;-0,578252766860223;0,563481991440448;"";"ATT";"estudiantes_prom";"base_50p";"PUBL"
"72";-9,37026879200962;5,14541418434239;-1,82109125841095;0,0704967670526642;"";"ATT";"estudiantes_prom";"base_ic";"PRIV"
"73";-10,8452318504038;6,33366685796292;-1,71231485545672;0,0877640437036894;"";"ATT";"estudiantes_prom";"base_ic";"PUBL"
"74";-2,52539158439593;2,67903542602329;-0,942649567028897;0,347308445668093;"";"ATT";"estudiantes_prom";"base_ent";"PRIV"
"75";-1,31144888672588;2,4698026524538;-0,530993391485319;0,595779464126533;"";"ATT";"estudiantes_prom";"base_ent";"PUBL"
"76";0,0548797705552198;0,0743408960494697;0,738217770723403;0,460736254512391;"";"ATT";"math_c_sd";"base_ai";"FALSE"
"77";0,0636279576657562;0,0503112314203061;1,26468694701985;0,206583516521986;"";"ATT";"math_c_sd";"base_10p";"FALSE"
"78";0,0397930691548547;0,0420568799871893;0,946172639695951;0,344524046525273;"";"ATT";"math_c_sd";"base_50p";"FALSE"
"79";0,165145923312956;0,0780415534244786;2,11612808902849;0,0348345274431121;"*";"ATT";"math_c_sd";"base_ic";"FALSE"
"80";0,0482846124634242;0,0534033583810949;0,904149363020532;0,366361412711624;"";"ATT";"math_c_sd";"base_ent";"FALSE"
"81";-0,205049661681213;0,225460075357121;-0,909472159788917;0,364503937430388;"";"ATT";"math_c_sd";"base_ai";"PRIV"
"82";0,13756600848826;0,0694465816156449;1,98088955982923;0,0484285587823344;".";"ATT";"math_c_sd";"base_ai";"PUBL"
"83";-0,0492747961835904;0,14078441909038;-0,350001772227061;0,726806454060441;"";"ATT";"math_c_sd";"base_10p";"PRIV"
"84";0,109735006342826;0,0506218895468015;2,16773825167812;0,0308866884747003;"*";"ATT";"math_c_sd";"base_10p";"PUBL"
"85";0,0815111870362999;0,0949454326976935;0,858505614438892;0,391922118912571;"";"ATT";"math_c_sd";"base_50p";"PRIV"
"86";0,0332157568096854;0,0464447114371871;0,715167686090744;0,475003546679582;"";"ATT";"math_c_sd";"base_50p";"PUBL"
"87";0,150666155977138;0,221750143929676;0,679441074116815;0,497858924432167;"";"ATT";"math_c_sd";"base_ic";"PRIV"
"88";0,164626556053917;0,0774969853658167;2,12429625845204;0,0343774384532382;"*";"ATT";"math_c_sd";"base_ic";"PUBL"
"89";-0,0602859646993917;0,10052315900514;-0,599722146578275;0,549555972694661;"";"ATT";"math_c_sd";"base_ent";"PRIV"
"90";0,169724822036094;0,049907603699016;3,40078083210876;0,000754179957009257;"***";"ATT";"math_c_sd";"base_ent";"PUBL"
"91";0,0117145179616505;0,0634503075274656;0,184625077767822;0,853599657415075;"";"ATT";"reading_c_sd";"base_ai";"FALSE"
"92";0,113435329185625;0,0513072309619853;2,21090335726113;0,0275026541171215;"*";"ATT";"reading_c_sd";"base_10p";"FALSE"
"93";0,0479849114957192;0,0394610929718352;1,21600563699459;0,224564692030986;"";"ATT";"reading_c_sd";"base_50p";"FALSE"
"94";0,067779791630155;0,0711309417374408;0,95288758976852;0,341113978673157;"";"ATT";"reading_c_sd";"base_ic";"FALSE"
"95";-0,00689050919873616;0,043639328790453;-0,157896773156685;0,874603320494801;"";"ATT";"reading_c_sd";"base_ent";"FALSE"
"96";-0,231646842851811;0,159891825157654;-1,44877227227475;0,149408274998377;"";"ATT";"reading_c_sd";"base_ai";"PRIV"
"97";0,0827523400204216;0,0673829785198198;1,22808967246945;0,220283230631341;"";"ATT";"reading_c_sd";"base_ai";"PUBL"
"98";0,135389821604912;0,14298190583212;0,946901783249963;0,345143954571359;"";"ATT";"reading_c_sd";"base_10p";"PRIV"
"99";0,101396393751256;0,0508321399661688;1,99472998419385;0,0468871094301068;".";"ATT";"reading_c_sd";"base_10p";"PUBL"
"100";0,0932742553712009;0,0755971666879117;1,23383268788718;0,219109101724933;"";"ATT";"reading_c_sd";"base_50p";"PRIV"
"101";0,0398698635937012;0,0455660841506526;0,874989903935604;0,382206286182533;"";"ATT";"reading_c_sd";"base_50p";"PUBL"
"102";0,0252276275466148;0,182188305118715;0,138470071007996;0,890046368265206;"";"ATT";"reading_c_sd";"base_ic";"PRIV"
"103";0,0593206963391684;0,0755562532204946;0,785119613674514;0,432938324716747;"";"ATT";"reading_c_sd";"base_ic";"PUBL"
"104";-0,0125998047785235;0,0785504685239505;-0,160403941762381;0,872769083619654;"";"ATT";"reading_c_sd";"base_ent";"PRIV"
"105";0,0265389005090892;0,0549771578239178;0,482725945820782;0,629609435644287;"";"ATT";"reading_c_sd";"base_ent";"PUBL"
"106";0,146695047246458;0,0608689712008351;2,41001358085128;0,0163201568063157;"*";"ATT";"Participate_saberpro_sd";"base_ai";"FALSE"
"107";0,0324804232122067;0,0727891984582695;0,446225867301285;0,65563081856485;"";"ATT";"Participate_saberpro_sd";"base_10p";"FALSE"
"108";-0,011660030642004;0,0376265834681244;-0,309888104825723;0,756776993864819;"";"ATT";"Participate_saberpro_sd";"base_50p";"FALSE"
"109";0,257265639267894;0,0792621967171482;3,24575459580008;0,00125104689023664;"***";"ATT";"Participate_saberpro_sd";"base_ic";"FALSE"
"110";-0,0723060443916193;0,138932714878133;-0,520439296497183;0,602992976325448;"";"ATT";"Participate_saberpro_sd";"base_ent";"FALSE"
"111";0,180103503320602;0,198935323554845;0,905336971344604;0,366683006845377;"";"ATT";"Participate_saberpro_sd";"base_ai";"PRIV"
"112";0,138098748775792;0,0522217586848719;2,64446759844183;0,00857064379790322;"**";"ATT";"Participate_saberpro_sd";"base_ai";"PUBL"
"113";0,0571161257044076;0,271282516744564;0,210541122921634;0,833518363164948;"";"ATT";"Participate_saberpro_sd";"base_10p";"PRIV"
"114";0,0532556259712341;0,0313157227803985;1,70060344270797;0,0899510888932583;"";"ATT";"Participate_saberpro_sd";"base_10p";"PUBL"
"115";-0,0449849846527588;0,142506758517136;-0,315669131210709;0,752672888341418;"";"ATT";"Participate_saberpro_sd";"base_50p";"PRIV"
"116";0,0266683888346255;0,0271585236804115;0,981952817039922;0,326831720925436;"";"ATT";"Participate_saberpro_sd";"base_50p";"PUBL"
"117";0,337165102030567;0,23606689970976;1,42826081269803;0,155203101857857;"";"ATT";"Participate_saberpro_sd";"base_ic";"PRIV"
"118";0,233846908931471;0,0717256083552953;3,26029871748319;0,00122727281983553;"***";"ATT";"Participate_saberpro_sd";"base_ic";"PUBL"
"119";-0,312008803944955;0,29573232784524;-1,05503786555331;0,293028869422134;"";"ATT";"Participate_saberpro_sd";"base_ent";"PRIV"
"120";0,0243177791073383;0,0215483030482018;1,12852409087349;0,259915926242987;"";"ATT";"Participate_saberpro_sd";"base_ent";"PUBL"
"121";-0,171644589793205;0,0900465326926706;-1,90617655850258;0,0572132757106591;".";"ATT";"frac_trabaja_sd";"base_ai";"FALSE"
"122";-0,0904947640647526;0,0616696124247345;-1,46741256360575;0,142904098397751;"";"ATT";"frac_trabaja_sd";"base_10p";"FALSE"
"123";-0,044088835957361;0,0627802591198524;-0,702272283922753;0,482840803882625;"";"ATT";"frac_trabaja_sd";"base_50p";"FALSE"
"124";-0,160054086561765;0,102313673533365;-1,56434698349064;0,118377742959471;"";"ATT";"frac_trabaja_sd";"base_ic";"FALSE"
"125";-0,174156760418589;0,0843452592546514;-2,06480793298391;0,0394677907959989;".";"ATT";"frac_trabaja_sd";"base_ent";"FALSE"
"126";-0,182050918219315;0,271883183906177;-0,669592416874659;0,504107498314736;"";"ATT";"frac_trabaja_sd";"base_ai";"PRIV"
"127";-0,149443220233489;0,0752017870455421;-1,98722964047366;0,0477183601734044;".";"ATT";"frac_trabaja_sd";"base_ai";"PUBL"
"128";0,227186542274884;0,158669844571274;1,43181927787692;0,154183338824517;"";"ATT";"frac_trabaja_sd";"base_10p";"PRIV"
"129";-0,170417793840398;0,0661329864052576;-2,57689548141818;0,0103992027781055;"*";"ATT";"frac_trabaja_sd";"base_10p";"PUBL"
"130";-0,0174936816358848;0,176246989624157;-0,0992566265851673;0,921061136732493;"";"ATT";"frac_trabaja_sd";"base_50p";"PRIV"
"131";-0,0221205561754052;0,0669008683277931;-0,330646772281363;0,741118012996283;"";"ATT";"frac_trabaja_sd";"base_50p";"PUBL"
"132";-0,0239058638478508;0,337381921801996;-0,0708569792956504;0,943601760280655;"";"ATT";"frac_trabaja_sd";"base_ic";"PRIV"
"133";-0,144151242736059;0,0789774392787912;-1,82522051933343;0,0688580593482017;"";"ATT";"frac_trabaja_sd";"base_ic";"PUBL"
"134";-0,0897593903056819;0,173283199504841;-0,517992457215533;0,605192703677705;"";"ATT";"frac_trabaja_sd";"base_ent";"PRIV"
"135";-0,119230503394367;0,0675077954814144;-1,76617385509489;0,0782884262138186;"";"ATT";"frac_trabaja_sd";"base_ent";"PUBL"
"136";-0,115138117316037;0,0509784894978635;-2,25856274774211;0,0243503927967784;"*";"ATT";"estudiantes_prom_sd";"base_ai";"FALSE"
"137";-0,0679652399273088;0,033720411203099;-2,01555193137925;0,0443911696589766;".";"ATT";"estudiantes_prom_sd";"base_10p";"FALSE"
"138";0,015059657949541;0,0281152567804994;0,535640064293716;0,592448886330986;"";"ATT";"estudiantes_prom_sd";"base_50p";"FALSE"
"139";-0,118861599532581;0,0634180491362018;-1,87425506068949;0,0614864247809159;"";"ATT";"estudiantes_prom_sd";"base_ic";"FALSE"
"140";-0,0349190576527582;0,0276590153210223;-1,26248375972437;0,207376499647371;"";"ATT";"estudiantes_prom_sd";"base_ent";"FALSE"
"141";-0,110742712040037;0,0692176040115746;-1,59992119954801;0,111639343152084;"";"ATT";"estudiantes_prom_sd";"base_ai";"PRIV"
"142";-0,110000410493655;0,0622403143831698;-1,76734985328737;0,0780882525681163;"";"ATT";"estudiantes_prom_sd";"base_ai";"PUBL"
"143";0,019666081571773;0,0528575401698029;0,372058206049627;0,710351217695621;"";"ATT";"estudiantes_prom_sd";"base_10p";"PRIV"
"144";-0,0831989446992034;0,0421635146414025;-1,97324500594422;0,0492942269592025;".";"ATT";"estudiantes_prom_sd";"base_10p";"PUBL"
"145";0,0964281467925535;0,04264920016514;2,26096026230688;0,0251354550015853;"*";"ATT";"estudiantes_prom_sd";"base_50p";"PRIV"
"146";-0,0118837822796677;0,0363454016315205;-0,326967972459038;0,74389631146362;"";"ATT";"estudiantes_prom_sd";"base_50p";"PUBL"
"147";-0,124366769880425;0,0695438473235452;-1,78832168001609;0,0756525992035264;"";"ATT";"estudiantes_prom_sd";"base_ic";"PRIV"
"148";-0,0988421633353052;0,0798203037487682;-1,23830853420964;0,216468734171339;"";"ATT";"estudiantes_prom_sd";"base_ic";"PUBL"
"149";-0,0355591741699537;0,0402591619833285;-0,883256690357313;0,378448066263894;"";"ATT";"estudiantes_prom_sd";"base_ent";"PRIV"
"150";-0,0169200717651226;0,0372033930545314;-0,454799156096373;0,649551871320124;"";"ATT";"estudiantes_prom_sd";"base_ent";"PUBL"
"151";0,107048027938166;0,081679362178805;1,31058844098006;0,190612046670662;"";"ATT";"math_c_sd_nat";"base_ai";"FALSE"
"152";0,113338365844613;0,0553566349608211;2,04742152272855;0,0411483205076374;".";"ATT";"math_c_sd_nat";"base_10p";"FALSE"
"153";0,0647557578593365;0,0475060283627742;1,36310611707712;0,173471284140839;"";"ATT";"math_c_sd_nat";"base_50p";"FALSE"
"154";0,194688286493421;0,088312634264804;2,20453492429692;0,0279479153344879;"*";"ATT";"math_c_sd_nat";"base_ic";"FALSE"
"155";0,095753383085692;0,0497718377261108;1,92384664622217;0,0549539280633877;".";"ATT";"math_c_sd_nat";"base_ent";"FALSE"
"156";-0,175970499121084;0,147781577702299;-1,19074719499591;0,23556156319139;"";"ATT";"math_c_sd_nat";"base_ai";"PRIV"
"157";0,194340026920113;0,0965336241840611;2,01318482096523;0,0449019490798304;".";"ATT";"math_c_sd_nat";"base_ai";"PUBL"
"158";0,0193088395045542;0,102028596640794;0,189249290299795;0,850141871878003;"";"ATT";"math_c_sd_nat";"base_10p";"PRIV"
"159";0,138014596414295;0,0667108019090997;2,06884930872745;0,0393315429714362;".";"ATT";"math_c_sd_nat";"base_10p";"PUBL"
"160";0,0823828972210308;0,0709941874354467;1,16041749609346;0,247640362040414;"";"ATT";"math_c_sd_nat";"base_50p";"PRIV"
"161";0,0485138428375785;0,06147164039339;0,789206901379439;0,43054928158087;"";"ATT";"math_c_sd_nat";"base_50p";"PUBL"
"162";0,0806603883181204;0,15330079622539;0,526157660652522;0,599521135680673;"";"ATT";"math_c_sd_nat";"base_ic";"PRIV"
"163";0,224839179392898;0,105116935243548;2,13894344305191;0,0331628885858556;"*";"ATT";"math_c_sd_nat";"base_ic";"PUBL"
"164";-0,00310730787894657;0,0727181952627493;-0,0427308167882753;0,965970409811234;"";"ATT";"math_c_sd_nat";"base_ent";"PRIV"
"165";0,156420353287905;0,0674718799805484;2,31830435631851;0,021041747149221;"*";"ATT";"math_c_sd_nat";"base_ent";"PUBL"
"166";0,0350121236456753;0,0703018564411672;0,498025591614008;0,618689903084276;"";"ATT";"reading_c_sd_nat";"base_ai";"FALSE"
"167";0,136964024123579;0,0544521354571554;2,51531042765709;0,0122109484872147;"*";"ATT";"reading_c_sd_nat";"base_10p";"FALSE"
"168";0,0764296187454337;0,0457892298583289;1,66916148146422;0,095720225307871;"";"ATT";"reading_c_sd_nat";"base_50p";"FALSE"
"169";0,0550372676210216;0,0780165519255083;0,705456294371639;0,480859505077252;"";"ATT";"reading_c_sd_nat";"base_ic";"FALSE"
"170";0,0243978275877392;0,0476570917860875;0,51194537210224;0,608920360357479;"";"ATT";"reading_c_sd_nat";"base_ent";"FALSE"
"171";-0,191271656632645;0,118285268867786;-1,61703700269253;0,107890637744761;"";"ATT";"reading_c_sd_nat";"base_ai";"PRIV"
"172";0,105560104968901;0,0848124955173899;1,24462915900473;0,2141459769842;"";"ATT";"reading_c_sd_nat";"base_ai";"PUBL"
"173";0,151854517754089;0,107342639621554;1,41467098526238;0,159145207696312;"";"ATT";"reading_c_sd_nat";"base_10p";"PRIV"
"174";0,126794276847254;0,0642505820084664;1,97343390337765;0,0492726179354633;".";"ATT";"reading_c_sd_nat";"base_10p";"PUBL"
"175";0,0742861061139449;0,0609128151283665;1,21954806976817;0,224465183351273;"";"ATT";"reading_c_sd_nat";"base_50p";"PRIV"
"176";0,0612711605525968;0,0585380779232035;1,04668897111687;0,295997660242715;"";"ATT";"reading_c_sd_nat";"base_50p";"PUBL"
"177";-0,000647472574564912;0,134426851129619;-0,00481654200127469;0,996163085017378;"";"ATT";"reading_c_sd_nat";"base_ic";"PRIV"
"178";0,0657229299742297;0,0938271938071079;0,700467820761478;0,484121388932859;"";"ATT";"reading_c_sd_nat";"base_ic";"PUBL"
"179";-0,0136957605719842;0,0635778082347977;-0,215417312301876;0,829721564842657;"";"ATT";"reading_c_sd_nat";"base_ent";"PRIV"
"180";0,0265934118574393;0,0710848148960819;0,374108195910983;0,708563352571993;"";"ATT";"reading_c_sd_nat";"base_ent";"PUBL"
"181";0,16876635042608;0,0613789319620224;2,7495810863979;0,00618811159846834;"**";"ATT";"Participate_saberpro_sd_nat";"base_ai";"FALSE"
"182";0,0466310885426156;0,0602233095938979;0,774302987614957;0,439124316389843;"";"ATT";"Participate_saberpro_sd_nat";"base_10p";"FALSE"
"183";0,0474532800079455;0,0449242060533624;1,05629646412847;0,29135012762439;"";"ATT";"Participate_saberpro_sd_nat";"base_50p";"FALSE"
"184";0,242385091045977;0,0777736286444135;3,11654599728371;0,00193659370237787;"***";"ATT";"Participate_saberpro_sd_nat";"base_ic";"FALSE"
"185";-0,0467580701744283;0,0886698766650702;-0,527327565268259;0,598205292383484;"";"ATT";"Participate_saberpro_sd_nat";"base_ent";"FALSE"
"186";0,173569272275872;0,133630491478195;1,2988747579679;0,195903487483912;"";"ATT";"Participate_saberpro_sd_nat";"base_ai";"PRIV"
"187";0,166099456843981;0,0684497380033425;2,42659010376155;0,015773400621923;"*";"ATT";"Participate_saberpro_sd_nat";"base_ai";"PUBL"
"188";0,0999235578226459;0,18517287445132;0,539623085285718;0,590221504030669;"";"ATT";"Participate_saberpro_sd_nat";"base_10p";"PRIV"
"189";0,0437994451570299;0,0563962155475027;0,776638019622742;0,437923664930967;"";"ATT";"Participate_saberpro_sd_nat";"base_10p";"PUBL"
"190";-0,0523357158751017;0,0922509096878579;-0,567319238934185;0,571307602356032;"";"ATT";"Participate_saberpro_sd_nat";"base_50p";"PRIV"
"191";0,0817352642398612;0,0553190571469218;1,47752453594393;0,140474581368848;"";"ATT";"Participate_saberpro_sd_nat";"base_50p";"PUBL"
"192";0,261624459041688;0,192855848258939;1,35658037546477;0,176862062124925;"";"ATT";"Participate_saberpro_sd_nat";"base_ic";"PRIV"
"193";0,236009772171581;0,079485800234023;2,96920671964952;0,00320096477099861;"***";"ATT";"Participate_saberpro_sd_nat";"base_ic";"PUBL"
"194";-0,21837941560048;0,183746075569617;-1,18848478762607;0,236437103582497;"";"ATT";"Participate_saberpro_sd_nat";"base_ent";"PRIV"
"195";0,0541741176826556;0,0304531290656795;1,77893436059776;0,0761681759895449;"";"ATT";"Participate_saberpro_sd_nat";"base_ent";"PUBL"
"196";-0,162455671742385;0,0848809321834594;-1,91392421788274;0,0562132726426596;".";"ATT";"frac_trabaja_sd_nat";"base_ai";"FALSE"
"197";-0,100824061785571;0,0650376787496397;-1,55024077925183;0,121728027575542;"";"ATT";"frac_trabaja_sd_nat";"base_10p";"FALSE"
"198";-0,0304770870741482;0,0650184020659;-0,468745556731122;0,639458717796676;"";"ATT";"frac_trabaja_sd_nat";"base_50p";"FALSE"
"199";-0,134439572624291;0,0948719218120249;-1,41706386944141;0,157095875424997;"";"ATT";"frac_trabaja_sd_nat";"base_ic";"FALSE"
"200";-0,112859518371184;0,0755768094210162;-1,49330885010607;0,136001282127891;"";"ATT";"frac_trabaja_sd_nat";"base_ent";"FALSE"
"201";-0,157138278882418;0,213814020793049;-0,734929722099529;0,463485665070397;"";"ATT";"frac_trabaja_sd_nat";"base_ai";"PRIV"
"202";-0,161905612869033;0,0887879716221666;-1,82350840897701;0,0691254327002441;"";"ATT";"frac_trabaja_sd_nat";"base_ai";"PUBL"
"203";0,145618404168522;0,119207110106128;1,2215580432986;0,223705874901744;"";"ATT";"frac_trabaja_sd_nat";"base_10p";"PRIV"
"204";-0,179287443670552;0,0798359774201133;-2,24569735931339;0,0253788394798505;"*";"ATT";"frac_trabaja_sd_nat";"base_10p";"PUBL"
"205";-0,0170197593193223;0,140205996653689;-0,121391094001218;0,903536498018796;"";"ATT";"frac_trabaja_sd_nat";"base_50p";"PRIV"
"206";-0,0356545886914067;0,0786419478763339;-0,453378758464557;0,650569560512606;"";"ATT";"frac_trabaja_sd_nat";"base_50p";"PUBL"
"207";-0,0259842595601427;0,2585287893195;-0,100508185678425;0,920069118284568;"";"ATT";"frac_trabaja_sd_nat";"base_ic";"PRIV"
"208";-0,15163735297929;0,0940508846700632;-1,61229055432327;0,107840374257902;"";"ATT";"frac_trabaja_sd_nat";"base_ic";"PUBL"
"209";-0,0708444999577756;0,13934163570912;-0,508423053865005;0,611870349458652;"";"ATT";"frac_trabaja_sd_nat";"base_ent";"PRIV"
"210";-0,140723524130366;0,0782613882713012;-1,79812200165085;0,073068781150012;"";"ATT";"frac_trabaja_sd_nat";"base_ent";"PUBL"
"211";-0,137882982599364;0,060796879531808;-2,26792861181676;0,0237689518492916;"*";"ATT";"estudiantes_prom_sd_nat";"base_ai";"FALSE"
"212";-0,0591567092663793;0,0433074914061076;-1,36596942805227;0,172573884337876;"";"ATT";"estudiantes_prom_sd_nat";"base_10p";"FALSE"
"213";0,0570554378926559;0,0338517816128818;1,6854485989873;0,092534840298959;"";"ATT";"estudiantes_prom_sd_nat";"base_50p";"FALSE"
"214";-0,140225794654627;0,0677812253135787;-2,06879993694265;0,0390855484023394;".";"ATT";"estudiantes_prom_sd_nat";"base_ic";"FALSE"
"215";-0,0426207117785115;0,0427446752586268;-0,997099908249033;0,319209156264204;"";"ATT";"estudiantes_prom_sd_nat";"base_ent";"FALSE"
"216";-0,265172187347375;0,18229168523943;-1,45465870809788;0,147772912963435;"";"ATT";"estudiantes_prom_sd_nat";"base_ai";"PRIV"
"217";-0,10264849436146;0,0581909578985621;-1,7639938930099;0,0786526458636857;"";"ATT";"estudiantes_prom_sd_nat";"base_ai";"PUBL"
"218";-0,00500677237839215;0,137576127117687;-0,0363927411193165;0,971015433110342;"";"ATT";"estudiantes_prom_sd_nat";"base_10p";"PRIV"
"219";-0,0775962198582496;0,0393037571551102;-1,97426977660228;0,0491770935758327;".";"ATT";"estudiantes_prom_sd_nat";"base_10p";"PUBL"
"220";0,25149552215496;0,0949399682310996;2,64899522130425;0,00889827268208278;"**";"ATT";"estudiantes_prom_sd_nat";"base_50p";"PRIV"
"221";-0,0132220398656027;0,0340600815915291;-0,388197539400232;0,698116424885009;"";"ATT";"estudiantes_prom_sd_nat";"base_50p";"PUBL"
"222";-0,315353771687438;0,172622179044575;-1,82684388201359;0,0696224031846757;"";"ATT";"estudiantes_prom_sd_nat";"base_ic";"PRIV"
"223";-0,0920884413532636;0,0746541802657327;-1,23353362163342;0,218241514974813;"";"ATT";"estudiantes_prom_sd_nat";"base_ic";"PUBL"
"224";-0,0750381650348737;0,0899182178683517;-0,834515705646394;0,405258438813378;"";"ATT";"estudiantes_prom_sd_nat";"base_ent";"PRIV"
"225";-0,0160574276162112;0,0347052656061033;-0,46267986531091;0,643897867711045;"";"ATT";"estudiantes_prom_sd_nat";"base_ent";"PUBL"
"226";0,697745757240899;1,19159038359307;0,585558398966721;0,55844299518633;"";"ATT";"TOTPRE";"base_ai";"FALSE"
"227";3,41567845258783;1,36238586258078;2,50712998894269;0,0124941423373471;"*";"ATT";"TOTPRE";"base_10p";"FALSE"
"228";1,54716155356149;0,905655030701961;1,70833430071305;0,0882050662382215;"";"ATT";"TOTPRE";"base_50p";"FALSE"
"229";0,351350509942514;1,22028799658913;0,287924253065331;0,773525965988891;"";"ATT";"TOTPRE";"base_ic";"FALSE"
"230";-0,434479642684359;0,645749462988091;-0,672830048783752;0,501373893308701;"";"ATT";"TOTPRE";"base_ent";"FALSE"
"231";-1,08622096953499;1,22769663357511;-0,884763336339746;0,377654709789822;"";"ATT";"TOTPRE";"base_ai";"PRIV"
"232";1,3050505137228;1,38735362088618;0,940676186716685;0,347554742450672;"";"ATT";"TOTPRE";"base_ai";"PUBL"
"233";2,34855577226199;1,17700295550006;1,99536947744043;0,0477437116174912;".";"ATT";"TOTPRE";"base_10p";"PRIV"
"234";5,917379153454;1,60232444420621;3,69299686767587;0,000258925261435047;"***";"ATT";"TOTPRE";"base_10p";"PUBL"
"235";2,30224458840631;0,997944688136951;2,30698616443797;0,0223708184531134;"*";"ATT";"TOTPRE";"base_50p";"PRIV"
"236";1,02659024693765;1,2111776819529;0,847596733521688;0,397267746525556;"";"ATT";"TOTPRE";"base_50p";"PUBL"
"237";0,201218185523777;1,41667283386591;0,142035747925426;0,88723503896035;"";"ATT";"TOTPRE";"base_ic";"PRIV"
"238";0,721802043108925;1,44957822916664;0,497939351313165;0,618853502534098;"";"ATT";"TOTPRE";"base_ic";"PUBL"
"239";0,707263121066456;0,84095654322258;0,841022198788292;0,401622780087326;"";"ATT";"TOTPRE";"base_ent";"PRIV"
"240";-0,883985099995682;0,869060867117025;-1,0171728280991;0,309814124587324;"";"ATT";"TOTPRE";"base_ent";"PUBL"
"241";0,800170148953885;3,0473459804264;0,262579357281224;0,792985624726527;"";"ATT";"TOTPROF";"base_ai";"FALSE"
"242";0,740706315753184;2,92527902790788;0,253208773825219;0,800213083891237;"";"ATT";"TOTPROF";"base_10p";"FALSE"
"243";1,41807390817852;1,19262772241362;1,18903315890448;0,235000167038769;"";"ATT";"TOTPROF";"base_50p";"FALSE"
"244";-2,05327515551521;3,49982535585933;-0,586679318748767;0,557688184159302;"";"ATT";"TOTPROF";"base_ic";"FALSE"
"245";-0,415825211150466;0,635543867201336;-0,654282469881399;0,513238058052789;"";"ATT";"TOTPROF";"base_ent";"FALSE"
"246";-0,52806882588789;2,43905072048049;-0,216505881347093;0,828878129013916;"";"ATT";"TOTPROF";"base_ai";"PRIV"
"247";-0,00795915104507812;3,50364260171691;-0,00227167892101148;0,998188828371074;"";"ATT";"TOTPROF";"base_ai";"PUBL"
"248";-2,67489916753295;2,00642938598359;-1,33316387121277;0,184421630233198;"";"ATT";"TOTPROF";"base_10p";"PRIV"
"249";-4,26339908987926;3,1480686752763;-1,35429036963594;0,176562010787359;"";"ATT";"TOTPROF";"base_10p";"PUBL"
"250";1,8921386780135;1,22647523946591;1,54274510982991;0,124918736815259;"";"ATT";"TOTPROF";"base_50p";"PRIV"
"251";1,3828476787385;1,54409592693651;0,895571094136664;0,371124922789849;"";"ATT";"TOTPROF";"base_50p";"PUBL"
"252";1,78402505254382;2,8009686934302;0,636931450440105;0,525103065584495;"";"ATT";"TOTPROF";"base_ic";"PRIV"
"253";-5,43758397287557;3,92658933544174;-1,38481096655447;0,167031838938033;"";"ATT";"TOTPROF";"base_ic";"PUBL"
"254";0,969292287945027;0,81125035353582;1,19481277723995;0,233973545982374;"";"ATT";"TOTPROF";"base_ent";"PRIV"
"255";-0,977091724114506;0,874677085253797;-1,11708851253488;0,264766678730458;"";"ATT";"TOTPROF";"base_ent";"PUBL"
"256";0,355785254363328;0,360682371812802;0,986422631566767;0,324414580146339;"";"ATT";"TOTPROF_100kPROF_COL";"base_ai";"FALSE"
"257";0,458610380273301;0,317412297092834;1,44484125055549;0,149141644509398;"";"ATT";"TOTPROF_100kPROF_COL";"base_10p";"FALSE"
"258";0,217450147136299;0,195005324862125;1,11509850969477;0,265352585971059;"";"ATT";"TOTPROF_100kPROF_COL";"base_50p";"FALSE"
"259";0,339239947939328;0,401168376757558;0,845629834238765;0,398170339413252;"";"ATT";"TOTPROF_100kPROF_COL";"base_ic";"FALSE"
"260";-0,076895260312881;0,13353627247738;-0,575838001812626;0,564990132270311;"";"ATT";"TOTPROF_100kPROF_COL";"base_ent";"FALSE"
"261";0,152870800553626;0,381911412963934;0,400278167565688;0,689502781217236;"";"ATT";"TOTPROF_100kPROF_COL";"base_ai";"PRIV"
"262";0,339383674276941;0,425175831600209;0,798219581295632;0,425313664040357;"";"ATT";"TOTPROF_100kPROF_COL";"base_ai";"PUBL"
"263";0,238258367791977;0,283130555704997;0,84151414600488;0,401348088631761;"";"ATT";"TOTPROF_100kPROF_COL";"base_10p";"PRIV"
"264";0,0130879853174494;0,35094332594135;0,0372937290724734;0,970273151987126;"";"ATT";"TOTPROF_100kPROF_COL";"base_10p";"PUBL"
"265";0,347177144618747;0,239394514107333;1,45023016050857;0,149001953029465;"";"ATT";"TOTPROF_100kPROF_COL";"base_50p";"PRIV"
"266";0,0974040473298765;0,244536843087915;0,398320539759557;0,690647660309936;"";"ATT";"TOTPROF_100kPROF_COL";"base_50p";"PUBL"
"267";0,57970321679938;0,455500156618779;1,27267402299611;0,205027257409024;"";"ATT";"TOTPROF_100kPROF_COL";"base_ic";"PRIV"
"268";0,244864469106389;0,467815784640215;0,523420707778613;0,601027574098626;"";"ATT";"TOTPROF_100kPROF_COL";"base_ic";"PUBL"
"269";0,174929962078256;0,171945602600039;1,01735641640781;0,31055912475789;"";"ATT";"TOTPROF_100kPROF_COL";"base_ent";"PRIV"
"270";-0,264546889924791;0,184386950112283;-1,43473759809843;0,152306027085587;"";"ATT";"TOTPROF_100kPROF_COL";"base_ent";"PUBL"
"271";0,293226804498732;0,280417450114552;1,04567959083483;0,29622665868432;"";"ATT";"TOTPRE_100kPROF_COL";"base_ai";"FALSE"
"272";0,80952728695863;0,332742506763389;2,43289411633326;0,0153354477819699;"*";"ATT";"TOTPRE_100kPROF_COL";"base_10p";"FALSE"
"273";0,274920562644703;0,203180888582596;1,35308278530805;0,176650582056326;"";"ATT";"TOTPRE_100kPROF_COL";"base_50p";"FALSE"
"274";0,288743318647581;0,28302357971212;1,02020940778602;0,308130544972088;"";"ATT";"TOTPRE_100kPROF_COL";"base_ic";"FALSE"
"275";-0,122624220680989;0,136128303890501;-0,90079885796289;0,368139603089342;"";"ATT";"TOTPRE_100kPROF_COL";"base_ent";"FALSE"
"276";-0,404172961263749;0,327415526308423;-1,23443431599215;0,218909327550476;"";"ATT";"TOTPRE_100kPROF_COL";"base_ai";"PRIV"
"277";0,467207541666005;0,302311514404026;1,54545070037128;0,12318992652452;"";"ATT";"TOTPRE_100kPROF_COL";"base_ai";"PUBL"
"278";0,56371990303872;0,347859372117104;1,62053964395977;0,107136031983047;"";"ATT";"TOTPRE_100kPROF_COL";"base_10p";"PRIV"
"279";1,33970357495911;0,370004487832584;3,62077655545974;0,000339413714205744;"***";"ATT";"TOTPRE_100kPROF_COL";"base_10p";"PUBL"
"280";0,444415046161358;0,213777216012081;2,0788700239049;0,0392662563883824;".";"ATT";"TOTPRE_100kPROF_COL";"base_50p";"PRIV"
"281";0,107982976691891;0,270341641857922;0,399431533927878;0,689829790386656;"";"ATT";"TOTPRE_100kPROF_COL";"base_50p";"PUBL"
"282";-0,213909879800606;0,340587292324185;-0,62806183501702;0,530881801976083;"";"ATT";"TOTPRE_100kPROF_COL";"base_ic";"PRIV"
"283";0,486044905866111;0,307474737602539;1,58076370649482;0,114875745532685;"";"ATT";"TOTPRE_100kPROF_COL";"base_ic";"PUBL"
"284";0,0569672352979471;0,17804653612699;0,319956998530517;0,749429048895058;"";"ATT";"TOTPRE_100kPROF_COL";"base_ent";"PRIV"
"285";-0,266756818986317;0,184975719037041;-1,44211802703089;0,15021458352321;"";"ATT";"TOTPRE_100kPROF_COL";"base_ent";"PUBL"
"286";0,146695047246458;0,0608689712008351;2,41001358085128;0,0163201568063157;"*";"ATT";"finished_uni";"base_ai";"FALSE"
"287";0,0324804232122067;0,0727891984582695;0,446225867301285;0,65563081856485;"";"ATT";"finished_uni";"base_10p";"FALSE"
"288";-0,011660030642004;0,0376265834681244;-0,309888104825723;0,756776993864819;"";"ATT";"finished_uni";"base_50p";"FALSE"
"289";0,257265639267894;0,0792621967171482;3,24575459580008;0,00125104689023664;"***";"ATT";"finished_uni";"base_ic";"FALSE"
"290";-0,0723060443916193;0,138932714878133;-0,520439296497183;0,602992976325448;"";"ATT";"finished_uni";"base_ent";"FALSE"
"291";0,180103503320602;0,198935323554845;0,905336971344604;0,366683006845377;"";"ATT";"finished_uni";"base_ai";"PRIV"
"292";0,138098748775792;0,0522217586848719;2,64446759844183;0,00857064379790322;"**";"ATT";"finished_uni";"base_ai";"PUBL"
"293";0,0571161257044076;0,271282516744564;0,210541122921634;0,833518363164948;"";"ATT";"finished_uni";"base_10p";"PRIV"
"294";0,0532556259712341;0,0313157227803985;1,70060344270797;0,0899510888932583;"";"ATT";"finished_uni";"base_10p";"PUBL"
"295";-0,0449849846527588;0,142506758517136;-0,315669131210709;0,752672888341418;"";"ATT";"finished_uni";"base_50p";"PRIV"
"296";0,0266683888346255;0,0271585236804115;0,981952817039922;0,326831720925436;"";"ATT";"finished_uni";"base_50p";"PUBL"
"297";0,337165102030567;0,23606689970976;1,42826081269803;0,155203101857857;"";"ATT";"finished_uni";"base_ic";"PRIV"
"298";0,233846908931471;0,0717256083552953;3,26029871748319;0,00122727281983553;"***";"ATT";"finished_uni";"base_ic";"PUBL"
"299";-0,312008803944955;0,29573232784524;-1,05503786555331;0,293028869422134;"";"ATT";"finished_uni";"base_ent";"PRIV"
"300";0,0243177791073383;0,0215483030482018;1,12852409087349;0,259915926242987;"";"ATT";"finished_uni";"base_ent";"PUBL"
